[{
        "descr": "Простуда\n",
        "vv": "0.02",
        "pList": [
            [
                "2",
                "0.9",
                "0.05"
            ],
            [
                "3",
                "0.8",
                "0.02"
            ],
            [
                "5",
                "0.8",
                "0.02"
            ],
            [
                "6",
                "0.6",
                "0.01"
            ],
            [
                "7",
                "1.0",
                "0.01"
            ],
            [
                "8",
                "0.2",
                "0.01"
            ],
            [
                "15",
                "0.5",
                "0.01"
            ],
            [
                "34",
                "0.8",
                "0.01"
            ]
        ]
    },
    {
        "descr": "Аллергический ринит\n",
        "vv": "0.01",
        "pList": [
            [
                "2",
                "1.0",
                "0.01"
            ],
            [
                "6",
                "1.0",
                "0.01"
            ],
            [
                "10",
                "0.9",
                "0.01"
            ],
            [
                "11",
                "0.7",
                "0.1"
            ],
            [
                "12",
                "0.7",
                "0.01"
            ],
            [
                "20",
                "0.6",
                "0.01"
            ]
        ]
    },
    {
        "descr": "Синусит\n",
        "vv": "0.01",
        "pList": [
            [
                "13",
                "0.08",
                "0.01"
            ],
            [
                "15",
                "0.9",
                "0.01"
            ],
            [
                "7",
                "0.8",
                "0.01"
            ],
            [
                "22",
                "0.6",
                "0.01"
            ],
            [
                "2",
                "0.5",
                "0.01"
            ],
            [
                "6",
                "0.5",
                "0.001"
            ],
            [
                "63",
                "0.5",
                "0.01"
            ]
        ]
    },
    {
        "descr": "Фарингит\n",
        "vv": "0.02",
        "pList": [
            [
                "16",
                "1.0",
                "0.01"
            ],
            [
                "8",
                "0.9",
                "0.01"
            ],
            [
                "11",
                "0.5",
                "0.01"
            ],
            [
                "37",
                "0.9",
                "0.01"
            ],
            [
                "64",
                "0.8",
                "0.3"
            ]
        ]
    },
    {
        "descr": "Тонзиллит\n",
        "vv": "0.001",
        "pList": [
            [
                "7",
                "1.0",
                "0.01"
            ],
            [
                "15",
                "0.9",
                "0.01"
            ],
            [
                "16",
                "1.0",
                "0.01"
            ],
            [
                "19",
                "0.7",
                "0.01"
            ],
            [
                "8",
                "0.0",
                "0.5"
            ],
            [
                "34",
                "0.8",
                "0.01"
            ],
            [
                "64",
                "0.0",
                "0.01"
            ]
        ]
    },
    {
        "descr": "Грипп\n",
        "vv": "0.01",
        "pList": [
            [
                "1",
                "0.9",
                "0.01"
            ],
            [
                "6",
                "0.9",
                "0.01"
            ],
            [
                "7",
                "0.5",
                "0.01"
            ],
            [
                "8",
                "0.7",
                "0.01"
            ],
            [
                "15",
                "1.0",
                "0.01"
            ],
            [
                "17",
                "1.0",
                "0.01"
            ],
            [
                "18",
                "0.8",
                "0.01"
            ],
            [
                "34",
                "0.6",
                "0.01"
            ]
        ]
    },
    {
        "descr": "Ларингит\n",
        "vv": "0.01",
        "pList": [
            [
                "8",
                "1.0",
                "0.01"
            ],
            [
                "15",
                "0.6",
                "0.01"
            ],
            [
                "16",
                "0.05",
                "0.01"
            ],
            [
                "37",
                "0.17",
                "0.01"
            ]
        ]
    },
    {
        "descr": "Опухоль гортани\n",
        "vv": "0.00004",
        "pList": [
            [
                "34",
                "1.0",
                "0.01"
            ],
            [
                "37",
                "0.99",
                "0.01"
            ]
        ]
    },
    {
        "descr": "Острый бронхит\n",
        "vv": "0.005",
        "pList": [
            [
                "8",
                "0.01",
                "0.01"
            ],
            [
                "12",
                "1.0",
                "0.01"
            ],
            [
                "15",
                "1.0",
                "0.01"
            ],
            [
                "18",
                "1.0",
                "0.01"
            ],
            [
                "21",
                "0.5",
                "0.01"
            ],
            [
                "31",
                "1.0",
                "0.01"
            ],
            [
                "34",
                "0.9",
                "0.01"
            ],
            [
                "22",
                "0.0",
                "0.01"
            ]
        ]
    },
    {
        "descr": "Хронический бронхит\n",
        "vv": "0.005",
        "pList": [
            [
                "12",
                "1.0",
                "0.01"
            ],
            [
                "14",
                "0.9",
                "0.01"
            ],
            [
                "21",
                "0.5",
                "0.01"
            ],
            [
                "22",
                "1.0",
                "0.01"
            ],
            [
                "34",
                "0.8",
                "0.01"
            ],
            [
                "36",
                "1.0",
                "0.01"
            ],
            [
                "37",
                "0.9",
                "0.01"
            ]
        ]
    },
    {
        "descr": "Астма\n",
        "vv": "0.02",
        "pList": [
            [
                "22",
                "0.8",
                "0.01"
            ],
            [
                "23",
                "1.0",
                "0.01"
            ],
            [
                "24",
                "0.5",
                "0.01"
            ],
            [
                "25",
                "0.5",
                "0.01"
            ],
            [
                "26",
                "0.5",
                "0.01"
            ],
            [
                "31",
                "0.5",
                "0.01"
            ]
        ]
    },
    {
        "descr": "Эмфизема\n",
        "vv": "0.01",
        "pList": [
            [
                "5",
                "1.0",
                "0.01"
            ],
            [
                "26",
                "0.001",
                "0.01"
            ],
            [
                "12",
                "0.8",
                "0.01"
            ],
            [
                "21",
                "0.001",
                "0.01"
            ],
            [
                "37",
                "0.01",
                "0.01"
            ]
        ]
    },
    {
        "descr": "Пневмония\n",
        "vv": "0.003",
        "pList": [
            [
                "15",
                "1.0",
                "0.01"
            ],
            [
                "18",
                "1.0",
                "0.01"
            ],
            [
                "22",
                "0.8",
                "0.01"
            ],
            [
                "23",
                "1.0",
                "0.01"
            ],
            [
                "26",
                "0.5",
                "0.01"
            ],
            [
                "28",
                "0.5",
                "0.01"
            ],
            [
                "29",
                "1.0",
                "0.01"
            ],
            [
                "27",
                "0.02",
                "0.01"
            ],
            [
                "31",
                "0.2",
                "0.01"
            ],
            [
                "36",
                "0.9",
                "0.01"
            ],
            [
                "7",
                "1.0",
                "0.9"
            ],
            [
                "17",
                "0.9",
                "0.01"
            ],
            [
                "32",
                "0.9",
                "0.01"
            ]
        ]
    },
    {
        "descr": "Плеврит\n",
        "vv": "0.001",
        "pList": [
            [
                "32",
                "0.8",
                "0.01"
            ],
            [
                "22",
                "0.8",
                "0.01"
            ],
            [
                "5",
                "0.5",
                "0.01"
            ],
            [
                "8",
                "0.8",
                "0.01"
            ],
            [
                "15",
                "0.9",
                "0.01"
            ]
        ]
    },
    {
        "descr": "Пневмоторакс\n",
        "vv": "0.0002",
        "pList": [
            [
                "22",
                "0.8",
                "0.01"
            ],
            [
                "32",
                "0.8",
                "0.01"
            ]
        ]
    },
    {
        "descr": "Бронхоэктаз\n",
        "vv": "0.00001",
        "pList": [
            [
                "27",
                "1.0",
                "0.01"
            ],
            [
                "5",
                "0.5",
                "0.01"
            ],
            [
                "14",
                "1.0",
                "0.01"
            ]
        ]
    },
    {
        "descr": "Абсецсс легкого\n",
        "vv": "0.00001",
        "pList": [
            [
                "18",
                "0.9",
                "0.01"
            ],
            [
                "21",
                "0.5",
                "0.01"
            ],
            [
                "27",
                "0.5",
                "0.01"
            ]
        ]
    },
    {
        "descr": "Пневмокониоз\n",
        "vv": "0.001",
        "pList": [
            [
                "36",
                "1.0",
                "0.01"
            ],
            [
                "21",
                "1.0",
                "0.01"
            ],
            [
                "9",
                "0.8",
                "0.01"
            ]
        ]
    },
    {
        "descr": "Рак легкого\n",
        "vv": "0.001",
        "pList": [
            [
                "21",
                "1.0",
                "0.01"
            ],
            [
                "27",
                "0.8",
                "0.01"
            ],
            [
                "22",
                "0.5",
                "0.01"
            ],
            [
                "18",
                "0.5",
                "0.01"
            ],
            [
                "12",
                "0.8",
                "0.01"
            ],
            [
                "37",
                "0.5",
                "0.01"
            ]
        ]
    },
    {
        "descr": "Интерстицмальный фиброз\n",
        "vv": "0.00001",
        "pList": [
            [
                "35",
                "0.8",
                "0.01"
            ],
            [
                "21",
                "0.8",
                "0.01"
            ]
        ]
    },
    {
        "descr": "Отек легкого\n",
        "vv": "0.001",
        "pList": [
            [
                "25",
                "0.9",
                "0.01"
            ],
            [
                "30",
                "0.9",
                "0.01"
            ],
            [
                "27",
                "0.5",
                "0.01"
            ],
            [
                "26",
                "0.5",
                "0.01"
            ],
            [
                "12",
                "0.5",
                "0.01"
            ]
        ]
    },
    {
        "descr": "Гастрит\n",
        "vv": "0.01",
        "pList": [
            [
                "43",
                "0.8",
                "0.01"
            ],
            [
                "42",
                "0.8",
                "0.01"
            ],
            [
                "8",
                "0.5",
                "0.01"
            ],
            [
                "37",
                "0.4",
                "0.01"
            ]
        ]
    },
    {
        "descr": "Хиатальная грыжа\n",
        "vv": "0.001",
        "pList": [
            [
                "32",
                "0.9",
                "0.01"
            ],
            [
                "42",
                "0.5",
                "0.001"
            ],
            [
                "57",
                "0.8",
                "0.001"
            ],
            [
                "16",
                "0.9",
                "0.01"
            ],
            [
                "41",
                "0.9",
                "0.01"
            ]
        ]
    },
    {
        "descr": "Язва двенадцатиперстной кишки\n",
        "vv": "0.01",
        "pList": [
            [
                "42",
                "0.8",
                "0.2"
            ],
            [
                "41",
                "0.99",
                "0.001"
            ]
        ]
    },
    {
        "descr": "Язва желудка\n",
        "vv": "0.01",
        "pList": [
            [
                "18",
                "0.9",
                "0.001"
            ],
            [
                "20",
                "0.5",
                "0.01"
            ],
            [
                "41",
                "0.8",
                "0.01"
            ],
            [
                "56",
                "0.7",
                "0.01"
            ],
            [
                "62",
                "0.9",
                "0.01"
            ]
        ]
    },
    {
        "descr": "Дивертикулярная болезнь\n",
        "vv": "0.001",
        "pList": [
            [
                "43",
                "0.6",
                "0.001"
            ],
            [
                "41",
                "0.5",
                "0.01"
            ],
            [
                "8",
                "0.5",
                "0.01"
            ],
            [
                "49",
                "0.5",
                "0.01"
            ]
        ]
    },
    {
        "descr": "Болезнь Крона\n",
        "vv": "0.0001",
        "pList": [
            [
                "43",
                "0.9",
                "0.001"
            ],
            [
                "15",
                "0.9",
                "0.01"
            ],
            [
                "8",
                "0.9",
                "0.01"
            ],
            [
                "62",
                "0.7",
                "0.01"
            ]
        ]
    },
    {
        "descr": "Расстройство кишечника\n",
        "vv": "0.00001",
        "pList": [
            [
                "43",
                "0.9",
                "0.001"
            ],
            [
                "41",
                "0.8",
                "0.01"
            ]
        ]
    },
    {
        "descr": "Аппендицит\n",
        "vv": "0.001",
        "pList": [
            [
                "42",
                "0.1",
                "0.9"
            ],
            [
                "41",
                "0.9",
                "0.001"
            ],
            [
                "8",
                "0.8",
                "0.01"
            ],
            [
                "44",
                "0.8",
                "0.01"
            ]
        ]
    },
    {
        "descr": "Пищевое отравление\n",
        "vv": "0.001",
        "pList": [
            [
                "41",
                "0.5",
                "0.001"
            ],
            [
                "43",
                "0.9",
                "0.01"
            ],
            [
                "7",
                "0.9",
                "0.01"
            ]
        ]
    },
    {
        "descr": "Гастроэнтерит\n",
        "vv": "0.01",
        "pList": [
            [
                "42",
                "0.8",
                "0.01"
            ],
            [
                "43",
                "0.7",
                "0.001"
            ],
            [
                "8",
                "0.9",
                "0.01"
            ]
        ]
    },
    {
        "descr": "Поченокаменная болезнь\n",
        "vv": "0.001",
        "pList": []
    },
    {
        "descr": "Острый пиелонефрит\n",
        "vv": "0.001",
        "pList": [
            [
                "8",
                "0.9",
                "0.001"
            ],
            [
                "41",
                "0.8",
                "0.01"
            ],
            [
                "67",
                "0.7",
                "0.01"
            ]
        ]
    },
    {
        "descr": "Желчный конкремент\n",
        "vv": "0.01",
        "pList": [
            [
                "41",
                "0.5",
                "0.001"
            ],
            [
                "57",
                "0.5",
                "0.01"
            ]
        ]
    },
    {
        "descr": "Холецистит\n",
        "vv": "0.001",
        "pList": [
            [
                "8",
                "0.8",
                "0.001"
            ],
            [
                "41",
                "0.9",
                "0.01"
            ],
            [
                "45",
                "0.8",
                "0.01"
            ]
        ]
    },
    {
        "descr": "Герпес\n",
        "vv": "0.001",
        "pList": [
            [
                "18",
                "0.5",
                "0.001"
            ],
            [
                "60",
                "0.5",
                "0.001"
            ],
            [
                "59",
                "0.9",
                "0.01"
            ],
            [
                "2",
                "0.9",
                "0.01"
            ],
            [
                "46",
                "0.6",
                "0.01"
            ]
        ]
    },
    {
        "descr": "Тромбоз глубоких вен\n",
        "vv": "0.0005",
        "pList": []
    },
    {
        "descr": "Ревматоидный артрит\n",
        "vv": "0.001",
        "pList": [
            [
                "17",
                "0.8",
                "0.01"
            ],
            [
                "40",
                "0.8",
                "0.01"
            ]
        ]
    },
    {
        "descr": "Сердечная недостаточность\n",
        "vv": "0.001",
        "pList": [
            [
                "36",
                "0.9",
                "0.01"
            ],
            [
                "25",
                "0.5",
                "0.01"
            ],
            [
                "12",
                "0.5",
                "0.001"
            ],
            [
                "18",
                "0.6",
                "0.01"
            ],
            [
                "32",
                "0.5",
                "0.001"
            ],
            [
                "40",
                "0.3",
                "0.001"
            ],
            [
                "42",
                "0.5",
                "0.01"
            ],
            [
                "28",
                "0.5",
                "0.01"
            ],
            [
                "47",
                "0.3",
                "0.001"
            ]
        ]
    },
    {
        "descr": "Состояние тревоги\n",
        "vv": "0.01",
        "pList": [
            [
                "28",
                "0.9",
                "0.01"
            ],
            [
                "47",
                "0.3",
                "0.01"
            ],
            [
                "39",
                "0.6",
                "0.01"
            ],
            [
                "23",
                "0.8",
                "0.01"
            ],
            [
                "48",
                "0.6",
                "0.01"
            ],
            [
                "16",
                "0.6",
                "0.01"
            ],
            [
                "43",
                "0.3",
                "0.01"
            ],
            [
                "22",
                "0.2",
                "0.01"
            ],
            [
                "50",
                "0.5",
                "0.01"
            ],
            [
                "57",
                "0.5",
                "0.01"
            ],
            [
                "58",
                "0.5",
                "0.01"
            ],
            [
                "15",
                "0.5",
                "0.01"
            ],
            [
                "7",
                "0.5",
                "0.01"
            ],
            [
                "4",
                "0.5",
                "0.01"
            ]
        ]
    },
    {
        "descr": "Депрессия\n",
        "vv": "0.01",
        "pList": [
            [
                "7",
                "0.5",
                "0.01"
            ],
            [
                "49",
                "0.5",
                "0.01"
            ],
            [
                "50",
                "0.5",
                "0.01"
            ],
            [
                "15",
                "0.5",
                "0.01"
            ],
            [
                "62",
                "0.5",
                "0.01"
            ]
        ]
    },
    {
        "descr": "Инфаркт миокарда\n",
        "vv": "0.01",
        "pList": [
            [
                "32",
                "0.7",
                "0.01"
            ],
            [
                "20",
                "0.9",
                "0.001"
            ],
            [
                "36",
                "0.7",
                "0.01"
            ],
            [
                "38",
                "0.7",
                "0.2"
            ],
            [
                "22",
                "0.7",
                "0.01"
            ],
            [
                "23",
                "0.7",
                "0.01"
            ],
            [
                "41",
                "0.7",
                "0.01"
            ],
            [
                "15",
                "0.7",
                "0.01"
            ]
        ]
    },
    {
        "descr": "Ангина\n",
        "vv": "0.01",
        "pList": [
            [
                "18",
                "0.8",
                "0.37"
            ],
            [
                "36",
                "0.9",
                "0.01"
            ],
            [
                "22",
                "0.9",
                "0.01"
            ],
            [
                "27",
                "0.5",
                "0.01"
            ],
            [
                "38",
                "0.5",
                "0.01"
            ],
            [
                "41",
                "0.5",
                "0.01"
            ]
        ]
    },
    {
        "descr": "Легочная эмболия\n",
        "vv": "0.0001",
        "pList": [
            [
                "18",
                "1.0",
                "0.01"
            ],
            [
                "21",
                "0.7",
                "0.01"
            ],
            [
                "27",
                "0.6",
                "0.01"
            ],
            [
                "25",
                "0.5",
                "0.001"
            ],
            [
                "26",
                "0.5",
                "0.001"
            ]
        ]
    },
    {
        "descr": "Припадок\n",
        "vv": "0.001",
        "pList": []
    },
    {
        "descr": "Ишемическая болезнь сердца\n",
        "vv": "0.001",
        "pList": []
    },
    {
        "descr": "Туберкулез\n",
        "vv": "0.0001",
        "pList": []
    },
    {
        "descr": "Геморрой\n",
        "vv": "0.01",
        "pList": [
            [
                "49",
                "0.9",
                "0.001"
            ],
            [
                "56",
                "0.8",
                "0.01"
            ],
            [
                "59",
                "0.9",
                "0.01"
            ]
        ]
    },
    {
        "descr": "Гипотиреоз\n",
        "vv": "0.001",
        "pList": []
    },
    {
        "descr": "Слизистый колит\n",
        "vv": "0.0007",
        "pList": []
    },
    {
        "descr": "Рак толстой кишки\n",
        "vv": "0.001",
        "pList": []
    },
    {
        "descr": "Язвенный колит\n",
        "vv": "0.0004",
        "pList": []
    },
    {
        "descr": "Болезнь Меньера\n",
        "vv": "0.0005",
        "pList": []
    },
    {
        "descr": "Шейный спондилез\n",
        "vv": "0.006",
        "pList": []
    },
    {
        "descr": "Субдуральное кровотечение\n",
        "vv": "0.000001",
        "pList": []
    },
    {
        "descr": "Опухоль мозга\n",
        "vv": "0.000001",
        "pList": []
    },
    {
        "descr": "Менингит\n",
        "vv": "0.000001",
        "pList": []
    },
    {
        "descr": "Субарахноидальное кровотечение\n",
        "vv": "0.000001",
        "pList": []
    },
    {
        "descr": "Острая глаукома\n",
        "vv": "0.01",
        "pList": []
    },
    {
        "descr": "Височный артериит\n",
        "vv": "0.001",
        "pList": []
    },
    {
        "descr": "Диспепсия\n",
        "vv": "0.1",
        "pList": [
            [
                "57",
                "0.7",
                "0.01"
            ],
            [
                "42",
                "0.7",
                "0.01"
            ],
            [
                "41",
                "0.7",
                "0.01"
            ],
            [
                "46",
                "0.7",
                "0.01"
            ],
            [
                "20",
                "0.5",
                "0.01"
            ]
        ]
    },
    {
        "descr": "Блокада сердца\n",
        "vv": "0.0003",
        "pList": [
            [
                "58",
                "0.5",
                "0.01"
            ],
            [
                "39",
                "0.8",
                "0.01"
            ],
            [
                "18",
                "0.6",
                "0.01"
            ]
        ]
    },
    {
        "descr": "Пернициозная анемия\n",
        "vv": "0.0004",
        "pList": []
    },
    {
        "descr": "Мигрень\n",
        "vv": "0.1",
        "pList": [
            [
                "15",
                "1.0",
                "0.01"
            ],
            [
                "41",
                "0.9",
                "0.01"
            ],
            [
                "43",
                "0.9",
                "0.01"
            ],
            [
                "20",
                "0.5",
                "0.01"
            ],
            [
                "34",
                "0.9",
                "0.01"
            ],
            [
                "63",
                "0.9",
                "0.01"
            ]
        ]
    },
    {
        "descr": "Гипертония\n",
        "vv": "0.15",
        "pList": [
            [
                "39",
                "0.5",
                "0.01"
            ],
            [
                "15",
                "0.5",
                "0.01"
            ],
            [
                "34",
                "0.5",
                "0.01"
            ]
        ]
    },
    {
        "descr": "Экзема\n",
        "vv": "0.3",
        "pList": [
            [
                "60",
                "0.9",
                "0.01"
            ]
        ]
    },
    {
        "descr": "Крапивница\n",
        "vv": "0.03",
        "pList": [
            [
                "60",
                "0.9",
                "0.01"
            ],
            [
                "46",
                "1.0",
                "0.01"
            ]
        ]
    },
    {
        "descr": "Чесотка\n",
        "vv": "0.001",
        "pList": []
    },
    {
        "descr": "Корь\n",
        "vv": "0.02",
        "pList": [
            [
                "8",
                "1.0",
                "0.01"
            ],
            [
                "6",
                "1.0",
                "0.01"
            ],
            [
                "2",
                "0.9",
                "0.01"
            ],
            [
                "11",
                "0.9",
                "0.01"
            ],
            [
                "5",
                "0.9",
                "0.01"
            ],
            [
                "43",
                "0.9",
                "0.01"
            ],
            [
                "6",
                "0.5",
                "0.01"
            ],
            [
                "7",
                "0.8",
                "0.01"
            ]
        ]
    },
    {
        "descr": "Краснуха коревая\n",
        "vv": "0.01",
        "pList": []
    },
    {
        "descr": "Ветряная оспа\n",
        "vv": "0.001",
        "pList": []
    },
    {
        "descr": "Псориаз\n",
        "vv": "0.02",
        "pList": [
            [
                "3",
                "0.6",
                "0.01"
            ],
            [
                "60",
                "0.5",
                "0.01"
            ],
            [
                "59",
                "0.99",
                "0.01"
            ]
        ]
    },
    {
        "descr": "Питириазная рожа\n",
        "vv": "0.01",
        "pList": [
            [
                "59",
                "1.0",
                "0.01"
            ],
            [
                "34",
                "0.9",
                "0.01"
            ]
        ]
    },
    {
        "descr": "Розовые угри\n",
        "vv": "0.01",
        "pList": [
            [
                "2",
                "0.9",
                "0.01"
            ],
            [
                "34",
                "0.5",
                "0.01"
            ]
        ]
    },
    {
        "descr": "Тиреотоксикоз\n",
        "vv": "0.0001",
        "pList": []
    },
    {
        "descr": "Сахарный диабет\n",
        "vv": "0.01",
        "pList": [
            [
                "61",
                "0.0001",
                "0.01"
            ],
            [
                "2",
                "0.5",
                "0.01"
            ],
            [
                "66",
                "0.5",
                "0.01"
            ],
            [
                "68",
                "0.99",
                "0.01"
            ]
        ]
    },
    {
        "descr": "Рак желудка\n",
        "vv": "0.0003",
        "pList": []
    },
    {
        "descr": "Мерцание предсердий\n",
        "vv": "0.001",
        "pList": []
    },
    {
        "descr": "Лимфогранулематоз\n",
        "vv": "0.0001",
        "pList": []
    },
    {
        "descr": "Инфекционный мононуклеоз\n",
        "vv": "0.001",
        "pList": [
            [
                "7",
                "0.9",
                "0.01"
            ],
            [
                "3",
                "0.9",
                "0.01"
            ],
            [
                "15",
                "0.9",
                "0.01"
            ],
            [
                "64",
                "0.9",
                "0.01"
            ],
            [
                "54",
                "0.8",
                "0.001"
            ],
            [
                "45",
                "0.8",
                "0.01"
            ],
            [
                "60",
                "0.5",
                "0.001"
            ]
        ]
    },
    {
        "descr": "Лимфома\n",
        "vv": "0.0001",
        "pList": []
    },
    {
        "descr": "Свинка\n",
        "vv": "0.01",
        "pList": []
    },
    {
        "descr": "Паралич Белла\n",
        "vv": "0.0003",
        "pList": []
    },
    {
        "descr": "Болезнь Паркинсона\n",
        "vv": "0.001",
        "pList": []
    },
    {
        "descr": "Ревматическая лихорадка\n",
        "vv": "0.01",
        "pList": []
    },
    {
        "descr": "Цистит\n",
        "vv": "0.01",
        "pList": []
    },
    {
        "descr": "Опухоль почки\n",
        "vv": "0.001",
        "pList": []
    },
    {
        "descr": "Опухоль мочевого пузыря\n",
        "vv": "0.0004",
        "pList": []
    },
    {
        "descr": "Ирит\n",
        "vv": "0.0005",
        "pList": []
    }
]